P,o,s,i,t,i,o,n,",",R,e,f,",",A,l,t,",",C,o,u,n,t
3693,AGA,CAG,191
3694,GA,AG,191
4412,ATG,CAT,187
4413,TGA,CAT,187
4887,T,A,51
5022,GCC,TTG,237
5206,A,T,38
5327,GCA,AGC,182
5328,CAA,AGC,182
21658,T,G,36
23568,GCA,TGC,203
23569,CAA,TGC,203
23915,TCT,GTC,207
23916,CT,TC,207
30498,C,A,44
30584,AGA,CAG,203
30585,GA,AG,203
32639,TC,AT,225
40954,CTG,ACT,163
40955,TGA,ACT,163
45145,TGC,CCT,219
47288,CA,GC,210
67674,T,C,46
82066,TCT,CTC,203
82067,CT,TC,203
95270,TCC,AAT,203
95977,CCT,TGC,179
97479,A,G,49
97624,AGC,CCA,188
99294,CTC,TCT,217
99295,TC,CT,217
101280,AGG,TCT,43
101281,AG,TC,43
101282,AGG,TCT,43
109473,AAA,CGT,43
109474,AA,CG,44
109475,AAA,CGT,43
130181,G,A,24
136968,GCT,CGG,213
150317,TGA,GTG,189
150318,GA,TG,189
151793,TCC,GGT,32
151794,TC,GG,32
151795,TCC,GGT,32
160968,ATA,GAT,198
160969,TA,AT,199
172281,TAA,CTT,216
191073,GAA,TGG,184
